"jaar","code","provincie"
2021,"1680","Drenthe"
2021,"0358","Noord-Holland"
2021,"0197","Gelderland"
2021,"0059","Fryslân"
2021,"0482","Zuid-Holland"
2021,"0613","Zuid-Holland"
2021,"0361","Noord-Holland"
2021,"0141","Overijssel"
2021,"0034","Flevoland"
2021,"0484","Zuid-Holland"
2021,"1723","Noord-Brabant"
2021,"1959","Noord-Brabant"
2021,"0060","Fryslân"
2021,"0307","Utrecht"
2021,"0362","Noord-Holland"
2021,"0363","Noord-Holland"
2021,"0200","Gelderland"
2021,"0202","Gelderland"
2021,"0106","Drenthe"
2021,"0743","Noord-Brabant"
2021,"0744","Noord-Brabant"
2021,"0308","Utrecht"
2021,"0489","Zuid-Holland"
2021,"0203","Gelderland"
2021,"0888","Limburg"
2021,"1954","Limburg"
2021,"0370","Noord-Holland"
2021,"0889","Limburg"
2021,"1945","Gelderland"
2021,"1724","Noord-Brabant"
2021,"0893","Limburg"
2021,"0373","Noord-Holland"
2021,"0748","Noord-Brabant"
2021,"1859","Gelderland"
2021,"1721","Noord-Brabant"
2021,"0753","Noord-Brabant"
2021,"0209","Gelderland"
2021,"0375","Noord-Holland"
2021,"0310","Utrecht"
2021,"1728","Noord-Brabant"
2021,"0376","Noord-Holland"
2021,"0377","Noord-Holland"
2021,"1901","Zuid-Holland"
2021,"0755","Noord-Brabant"
2021,"1681","Drenthe"
2021,"0147","Overijssel"
2021,"0654","Zeeland"
2021,"0756","Noord-Brabant"
2021,"0757","Noord-Brabant"
2021,"0758","Noord-Brabant"
2021,"0501","Zuid-Holland"
2021,"1876","Gelderland"
2021,"0213","Gelderland"
2021,"0899","Limburg"
2021,"0312","Utrecht"
2021,"0313","Utrecht"
2021,"0214","Gelderland"
2021,"0502","Zuid-Holland"
2021,"0383","Noord-Holland"
2021,"0109","Drenthe"
2021,"1706","Noord-Brabant"
2021,"1684","Noord-Brabant"
2021,"0216","Gelderland"
2021,"0148","Overijssel"
2021,"1891","Fryslân"
2021,"0503","Zuid-Holland"
2021,"0762","Noord-Brabant"
2021,"0150","Overijssel"
2021,"0384","Noord-Holland"
2021,"1774","Overijssel"
2021,"0221","Gelderland"
2021,"0222","Gelderland"
2021,"0766","Noord-Brabant"
2021,"0505","Zuid-Holland"
2021,"0498","Noord-Holland"
2021,"1719","Noord-Brabant"
2021,"0303","Flevoland"
2021,"0225","Gelderland"
2021,"0226","Gelderland"
2021,"1711","Limburg"
2021,"0385","Noord-Holland"
2021,"0228","Gelderland"
2021,"0317","Utrecht"
2021,"1979","Groningen"
2021,"0770","Noord-Brabant"
2021,"1903","Limburg"
2021,"0772","Noord-Brabant"
2021,"0230","Gelderland"
2021,"0114","Drenthe"
2021,"0388","Noord-Holland"
2021,"0153","Overijssel"
2021,"0232","Gelderland"
2021,"0233","Gelderland"
2021,"0777","Noord-Brabant"
2021,"1940","Fryslân"
2021,"0779","Noord-Brabant"
2021,"1771","Noord-Brabant"
2021,"1652","Noord-Brabant"
2021,"0907","Limburg"
2021,"0784","Noord-Brabant"
2021,"1924","Zuid-Holland"
2021,"0664","Zeeland"
2021,"0785","Noord-Brabant"
2021,"1942","Noord-Holland"
2021,"0512","Zuid-Holland"
2021,"0513","Zuid-Holland"
2021,"0786","Noord-Brabant"
2021,"0518","Zuid-Holland"
2021,"0014","Groningen"
2021,"1729","Limburg"
2021,"0158","Overijssel"
2021,"0392","Noord-Holland"
2021,"0394","Noord-Holland"
2021,"1655","Noord-Brabant"
2021,"0160","Overijssel"
2021,"0243","Gelderland"
2021,"0523","Zuid-Holland"
2021,"0072","Fryslân"
2021,"0244","Gelderland"
2021,"0396","Noord-Holland"
2021,"0397","Noord-Holland"
2021,"0246","Gelderland"
2021,"0074","Fryslân"
2021,"0398","Noord-Holland"
2021,"0917","Limburg"
2021,"1658","Noord-Brabant"
2021,"0399","Noord-Holland"
2021,"0400","Noord-Holland"
2021,"0163","Overijssel"
2021,"0530","Zuid-Holland"
2021,"0794","Noord-Brabant"
2021,"0531","Zuid-Holland"
2021,"0164","Overijssel"
2021,"0796","Noord-Brabant"
2021,"0252","Gelderland"
2021,"0797","Noord-Brabant"
2021,"0534","Zuid-Holland"
2021,"0798","Noord-Brabant"
2021,"0402","Noord-Holland"
2021,"1963","Zuid-Holland"
2021,"1735","Overijssel"
2021,"1966","Groningen"
2021,"1911","Noord-Holland"
2021,"0118","Drenthe"
2021,"0405","Noord-Holland"
2021,"1507","Limburg"
2021,"0321","Utrecht"
2021,"0406","Noord-Holland"
2021,"0677","Zeeland"
2021,"0353","Utrecht"
2021,"1884","Zuid-Holland"
2021,"0166","Overijssel"
2021,"0678","Zeeland"
2021,"0537","Zuid-Holland"
2021,"0928","Limburg"
2021,"1598","Noord-Holland"
2021,"0542","Zuid-Holland"
2021,"1931","Zuid-Holland"
2021,"1659","Noord-Brabant"
2021,"1685","Noord-Brabant"
2021,"0882","Limburg"
2021,"0415","Noord-Holland"
2021,"0416","Noord-Holland"
2021,"1621","Zuid-Holland"
2021,"0417","Noord-Holland"
2021,"0080","Fryslân"
2021,"0546","Zuid-Holland"
2021,"0547","Zuid-Holland"
2021,"1916","Zuid-Holland"
2021,"0995","Flevoland"
2021,"1640","Limburg"
2021,"0327","Utrecht"
2021,"1705","Gelderland"
2021,"0553","Zuid-Holland"
2021,"0262","Gelderland"
2021,"0809","Noord-Brabant"
2021,"0331","Utrecht"
2021,"0168","Overijssel"
2021,"0263","Gelderland"
2021,"1641","Limburg"
2021,"0556","Zuid-Holland"
2021,"0935","Limburg"
2021,"0420","Noord-Holland"
2021,"0938","Limburg"
2021,"1948","Noord-Brabant"
2021,"0119","Drenthe"
2021,"0687","Zeeland"
2021,"1842","Zuid-Holland"
2021,"1731","Drenthe"
2021,"1952","Groningen"
2021,"0815","Noord-Brabant"
2021,"1709","Noord-Brabant"
2021,"1978","Zuid-Holland"
2021,"1955","Gelderland"
2021,"0335","Utrecht"
2021,"0944","Limburg"
2021,"1740","Gelderland"
2021,"0946","Limburg"
2021,"0356","Utrecht"
2021,"0569","Zuid-Holland"
2021,"0267","Gelderland"
2021,"0268","Gelderland"
2021,"1930","Zuid-Holland"
2021,"1970","Fryslân"
2021,"1695","Zeeland"
2021,"1699","Drenthe"
2021,"0171","Flevoland"
2021,"0575","Zuid-Holland"
2021,"0820","Noord-Brabant"
2021,"0302","Gelderland"
2021,"0579","Zuid-Holland"
2021,"0823","Noord-Brabant"
2021,"0824","Noord-Brabant"
2021,"1895","Groningen"
2021,"0269","Gelderland"
2021,"0173","Overijssel"
2021,"1773","Overijssel"
2021,"0175","Overijssel"
2021,"1586","Gelderland"
2021,"0826","Noord-Brabant"
2021,"0085","Fryslân"
2021,"0431","Noord-Holland"
2021,"0432","Noord-Holland"
2021,"0086","Fryslân"
2021,"0828","Noord-Brabant"
2021,"1509","Gelderland"
2021,"0437","Noord-Holland"
2021,"0589","Utrecht"
2021,"1734","Gelderland"
2021,"0590","Zuid-Holland"
2021,"1894","Limburg"
2021,"0765","Groningen"
2021,"1926","Zuid-Holland"
2021,"0439","Noord-Holland"
2021,"0273","Gelderland"
2021,"0177","Overijssel"
2021,"0703","Zeeland"
2021,"0274","Gelderland"
2021,"0339","Utrecht"
2021,"1667","Noord-Brabant"
2021,"0275","Gelderland"
2021,"0340","Utrecht"
2021,"0597","Zuid-Holland"
2021,"1742","Overijssel"
2021,"0603","Zuid-Holland"
2021,"1669","Limburg"
2021,"0957","Limburg"
2021,"0736","Utrecht"
2021,"1674","Noord-Brabant"
2021,"0599","Zuid-Holland"
2021,"0277","Gelderland"
2021,"0840","Noord-Brabant"
2021,"0441","Noord-Holland"
2021,"0279","Gelderland"
2021,"0606","Zuid-Holland"
2021,"0088","Fryslân"
2021,"1676","Zeeland"
2021,"0965","Limburg"
2021,"1702","Noord-Brabant"
2021,"0845","Noord-Brabant"
2021,"1883","Limburg"
2021,"0610","Zuid-Holland"
2021,"1714","Zeeland"
2021,"0090","Fryslân"
2021,"0342","Utrecht"
2021,"0847","Noord-Brabant"
2021,"0848","Noord-Brabant"
2021,"0037","Groningen"
2021,"0180","Overijssel"
2021,"0532","Noord-Holland"
2021,"0851","Noord-Brabant"
2021,"1708","Overijssel"
2021,"0971","Limburg"
2021,"1904","Utrecht"
2021,"1900","Fryslân"
2021,"0715","Zeeland"
2021,"0093","Fryslân"
2021,"0448","Noord-Holland"
2021,"1525","Zuid-Holland"
2021,"0716","Zeeland"
2021,"0281","Gelderland"
2021,"0855","Noord-Brabant"
2021,"0183","Overijssel"
2021,"1700","Overijssel"
2021,"1730","Drenthe"
2021,"0737","Fryslân"
2021,"0856","Noord-Brabant"
2021,"0450","Noord-Holland"
2021,"0451","Noord-Holland"
2021,"0184","Flevoland"
2021,"0344","Utrecht"
2021,"1581","Utrecht"
2021,"0981","Limburg"
2021,"0994","Limburg"
2021,"0858","Noord-Brabant"
2021,"0047","Groningen"
2021,"0345","Utrecht"
2021,"0717","Zeeland"
2021,"0861","Noord-Brabant"
2021,"0453","Noord-Holland"
2021,"0983","Limburg"
2021,"0984","Limburg"
2021,"1961","Utrecht"
2021,"0622","Zuid-Holland"
2021,"0096","Fryslân"
2021,"0718","Zeeland"
2021,"0986","Limburg"
2021,"0626","Zuid-Holland"
2021,"0285","Gelderland"
2021,"0865","Noord-Brabant"
2021,"1949","Fryslân"
2021,"0866","Noord-Brabant"
2021,"0867","Noord-Brabant"
2021,"0627","Zuid-Holland"
2021,"0289","Gelderland"
2021,"0629","Zuid-Holland"
2021,"0852","Noord-Holland"
2021,"0988","Limburg"
2021,"0457","Noord-Holland"
2021,"1960","Gelderland"
2021,"0668","Gelderland"
2021,"1969","Groningen"
2021,"1701","Drenthe"
2021,"0293","Gelderland"
2021,"1950","Groningen"
2021,"1783","Zuid-Holland"
2021,"0098","Fryslân"
2021,"0614","Zuid-Holland"
2021,"0189","Overijssel"
2021,"0296","Gelderland"
2021,"1696","Noord-Holland"
2021,"0352","Utrecht"
2021,"0294","Gelderland"
2021,"0873","Noord-Brabant"
2021,"0632","Utrecht"
2021,"1690","Drenthe"
2021,"0880","Noord-Holland"
2021,"0351","Utrecht"
2021,"0479","Noord-Holland"
2021,"0297","Gelderland"
2021,"0473","Noord-Holland"
2021,"0050","Flevoland"
2021,"0355","Utrecht"
2021,"0299","Gelderland"
2021,"0637","Zuid-Holland"
2021,"0638","Zuid-Holland"
2021,"1892","Zuid-Holland"
2021,"0879","Noord-Brabant"
2021,"0301","Gelderland"
2021,"1896","Overijssel"
2021,"0642","Zuid-Holland"
2021,"0193","Overijssel"
2022,"1680","Drenthe"
2022,"0358","Noord-Holland"
2022,"0197","Gelderland"
2022,"0059","Fryslân"
2022,"0482","Zuid-Holland"
2022,"0613","Zuid-Holland"
2022,"0361","Noord-Holland"
2022,"0141","Overijssel"
2022,"0034","Flevoland"
2022,"0484","Zuid-Holland"
2022,"1723","Noord-Brabant"
2022,"1959","Noord-Brabant"
2022,"0060","Fryslân"
2022,"0307","Utrecht"
2022,"0362","Noord-Holland"
2022,"0363","Noord-Holland"
2022,"0200","Gelderland"
2022,"0202","Gelderland"
2022,"0106","Drenthe"
2022,"0743","Noord-Brabant"
2022,"0744","Noord-Brabant"
2022,"0308","Utrecht"
2022,"0489","Zuid-Holland"
2022,"0203","Gelderland"
2022,"0888","Limburg"
2022,"1954","Limburg"
2022,"0889","Limburg"
2022,"1945","Gelderland"
2022,"1724","Noord-Brabant"
2022,"0893","Limburg"
2022,"0373","Noord-Holland"
2022,"0748","Noord-Brabant"
2022,"1859","Gelderland"
2022,"1721","Noord-Brabant"
2022,"0753","Noord-Brabant"
2022,"0209","Gelderland"
2022,"0375","Noord-Holland"
2022,"0310","Utrecht"
2022,"1728","Noord-Brabant"
2022,"0376","Noord-Holland"
2022,"0377","Noord-Holland"
2022,"1901","Zuid-Holland"
2022,"0755","Noord-Brabant"
2022,"1681","Drenthe"
2022,"0147","Overijssel"
2022,"0654","Zeeland"
2022,"0757","Noord-Brabant"
2022,"0758","Noord-Brabant"
2022,"0501","Zuid-Holland"
2022,"1876","Gelderland"
2022,"0213","Gelderland"
2022,"0899","Limburg"
2022,"0312","Utrecht"
2022,"0313","Utrecht"
2022,"0214","Gelderland"
2022,"0502","Zuid-Holland"
2022,"0383","Noord-Holland"
2022,"0109","Drenthe"
2022,"1706","Noord-Brabant"
2022,"0216","Gelderland"
2022,"0148","Overijssel"
2022,"1891","Fryslân"
2022,"0503","Zuid-Holland"
2022,"0762","Noord-Brabant"
2022,"0150","Overijssel"
2022,"0384","Noord-Holland"
2022,"1980","Noord-Holland"
2022,"1774","Overijssel"
2022,"0221","Gelderland"
2022,"0222","Gelderland"
2022,"0766","Noord-Brabant"
2022,"0505","Zuid-Holland"
2022,"0498","Noord-Holland"
2022,"1719","Noord-Brabant"
2022,"0303","Flevoland"
2022,"0225","Gelderland"
2022,"0226","Gelderland"
2022,"1711","Limburg"
2022,"0385","Noord-Holland"
2022,"0228","Gelderland"
2022,"0317","Utrecht"
2022,"1979","Groningen"
2022,"0770","Noord-Brabant"
2022,"1903","Limburg"
2022,"0772","Noord-Brabant"
2022,"0230","Gelderland"
2022,"0114","Drenthe"
2022,"0388","Noord-Holland"
2022,"0153","Overijssel"
2022,"0232","Gelderland"
2022,"0233","Gelderland"
2022,"0777","Noord-Brabant"
2022,"1940","Fryslân"
2022,"0779","Noord-Brabant"
2022,"1771","Noord-Brabant"
2022,"1652","Noord-Brabant"
2022,"0907","Limburg"
2022,"0784","Noord-Brabant"
2022,"1924","Zuid-Holland"
2022,"0664","Zeeland"
2022,"0785","Noord-Brabant"
2022,"1942","Noord-Holland"
2022,"0512","Zuid-Holland"
2022,"0513","Zuid-Holland"
2022,"0518","Zuid-Holland"
2022,"0014","Groningen"
2022,"1729","Limburg"
2022,"0158","Overijssel"
2022,"0392","Noord-Holland"
2022,"0394","Noord-Holland"
2022,"1655","Noord-Brabant"
2022,"0160","Overijssel"
2022,"0243","Gelderland"
2022,"0523","Zuid-Holland"
2022,"0072","Fryslân"
2022,"0244","Gelderland"
2022,"0396","Noord-Holland"
2022,"0397","Noord-Holland"
2022,"0246","Gelderland"
2022,"0074","Fryslân"
2022,"0917","Limburg"
2022,"1658","Noord-Brabant"
2022,"0399","Noord-Holland"
2022,"0400","Noord-Holland"
2022,"0163","Overijssel"
2022,"0530","Zuid-Holland"
2022,"0794","Noord-Brabant"
2022,"0531","Zuid-Holland"
2022,"0164","Overijssel"
2022,"0796","Noord-Brabant"
2022,"0252","Gelderland"
2022,"0797","Noord-Brabant"
2022,"0534","Zuid-Holland"
2022,"0798","Noord-Brabant"
2022,"0402","Noord-Holland"
2022,"1963","Zuid-Holland"
2022,"1735","Overijssel"
2022,"1966","Groningen"
2022,"1911","Noord-Holland"
2022,"0118","Drenthe"
2022,"0405","Noord-Holland"
2022,"1507","Limburg"
2022,"0321","Utrecht"
2022,"0406","Noord-Holland"
2022,"0677","Zeeland"
2022,"0353","Utrecht"
2022,"1884","Zuid-Holland"
2022,"0166","Overijssel"
2022,"0678","Zeeland"
2022,"0537","Zuid-Holland"
2022,"0928","Limburg"
2022,"1598","Noord-Holland"
2022,"0542","Zuid-Holland"
2022,"1931","Zuid-Holland"
2022,"1659","Noord-Brabant"
2022,"1982","Noord-Brabant"
2022,"0882","Limburg"
2022,"0415","Noord-Holland"
2022,"1621","Zuid-Holland"
2022,"0417","Noord-Holland"
2022,"0080","Fryslân"
2022,"0546","Zuid-Holland"
2022,"0547","Zuid-Holland"
2022,"1916","Zuid-Holland"
2022,"0995","Flevoland"
2022,"1640","Limburg"
2022,"0327","Utrecht"
2022,"1705","Gelderland"
2022,"0553","Zuid-Holland"
2022,"0262","Gelderland"
2022,"0809","Noord-Brabant"
2022,"0331","Utrecht"
2022,"0168","Overijssel"
2022,"0263","Gelderland"
2022,"1641","Limburg"
2022,"1991","Noord-Brabant"
2022,"0556","Zuid-Holland"
2022,"0935","Limburg"
2022,"0420","Noord-Holland"
2022,"0938","Limburg"
2022,"1948","Noord-Brabant"
2022,"0119","Drenthe"
2022,"0687","Zeeland"
2022,"1842","Zuid-Holland"
2022,"1731","Drenthe"
2022,"1952","Groningen"
2022,"1709","Noord-Brabant"
2022,"1978","Zuid-Holland"
2022,"1955","Gelderland"
2022,"0335","Utrecht"
2022,"0944","Limburg"
2022,"1740","Gelderland"
2022,"0946","Limburg"
2022,"0356","Utrecht"
2022,"0569","Zuid-Holland"
2022,"0267","Gelderland"
2022,"0268","Gelderland"
2022,"1930","Zuid-Holland"
2022,"1970","Fryslân"
2022,"1695","Zeeland"
2022,"1699","Drenthe"
2022,"0171","Flevoland"
2022,"0575","Zuid-Holland"
2022,"0820","Noord-Brabant"
2022,"0302","Gelderland"
2022,"0579","Zuid-Holland"
2022,"0823","Noord-Brabant"
2022,"0824","Noord-Brabant"
2022,"1895","Groningen"
2022,"0269","Gelderland"
2022,"0173","Overijssel"
2022,"1773","Overijssel"
2022,"0175","Overijssel"
2022,"1586","Gelderland"
2022,"0826","Noord-Brabant"
2022,"0085","Fryslân"
2022,"0431","Noord-Holland"
2022,"0432","Noord-Holland"
2022,"0086","Fryslân"
2022,"0828","Noord-Brabant"
2022,"1509","Gelderland"
2022,"0437","Noord-Holland"
2022,"0589","Utrecht"
2022,"1734","Gelderland"
2022,"0590","Zuid-Holland"
2022,"1894","Limburg"
2022,"0765","Groningen"
2022,"1926","Zuid-Holland"
2022,"0439","Noord-Holland"
2022,"0273","Gelderland"
2022,"0177","Overijssel"
2022,"0703","Zeeland"
2022,"0274","Gelderland"
2022,"0339","Utrecht"
2022,"1667","Noord-Brabant"
2022,"0275","Gelderland"
2022,"0340","Utrecht"
2022,"0597","Zuid-Holland"
2022,"1742","Overijssel"
2022,"0603","Zuid-Holland"
2022,"1669","Limburg"
2022,"0957","Limburg"
2022,"0736","Utrecht"
2022,"1674","Noord-Brabant"
2022,"0599","Zuid-Holland"
2022,"0277","Gelderland"
2022,"0840","Noord-Brabant"
2022,"0441","Noord-Holland"
2022,"0279","Gelderland"
2022,"0606","Zuid-Holland"
2022,"0088","Fryslân"
2022,"1676","Zeeland"
2022,"0965","Limburg"
2022,"0845","Noord-Brabant"
2022,"1883","Limburg"
2022,"0610","Zuid-Holland"
2022,"1714","Zeeland"
2022,"0090","Fryslân"
2022,"0342","Utrecht"
2022,"0847","Noord-Brabant"
2022,"0848","Noord-Brabant"
2022,"0037","Groningen"
2022,"0180","Overijssel"
2022,"0532","Noord-Holland"
2022,"0851","Noord-Brabant"
2022,"1708","Overijssel"
2022,"0971","Limburg"
2022,"1904","Utrecht"
2022,"1900","Fryslân"
2022,"0715","Zeeland"
2022,"0093","Fryslân"
2022,"0448","Noord-Holland"
2022,"1525","Zuid-Holland"
2022,"0716","Zeeland"
2022,"0281","Gelderland"
2022,"0855","Noord-Brabant"
2022,"0183","Overijssel"
2022,"1700","Overijssel"
2022,"1730","Drenthe"
2022,"0737","Fryslân"
2022,"0450","Noord-Holland"
2022,"0451","Noord-Holland"
2022,"0184","Flevoland"
2022,"0344","Utrecht"
2022,"1581","Utrecht"
2022,"0981","Limburg"
2022,"0994","Limburg"
2022,"0858","Noord-Brabant"
2022,"0047","Groningen"
2022,"0345","Utrecht"
2022,"0717","Zeeland"
2022,"0861","Noord-Brabant"
2022,"0453","Noord-Holland"
2022,"0983","Limburg"
2022,"0984","Limburg"
2022,"1961","Utrecht"
2022,"0622","Zuid-Holland"
2022,"0096","Fryslân"
2022,"0718","Zeeland"
2022,"0986","Limburg"
2022,"0626","Zuid-Holland"
2022,"0285","Gelderland"
2022,"0865","Noord-Brabant"
2022,"1949","Fryslân"
2022,"0866","Noord-Brabant"
2022,"0867","Noord-Brabant"
2022,"0627","Zuid-Holland"
2022,"0289","Gelderland"
2022,"0629","Zuid-Holland"
2022,"0852","Noord-Holland"
2022,"0988","Limburg"
2022,"0457","Noord-Holland"
2022,"1960","Gelderland"
2022,"0668","Gelderland"
2022,"1969","Groningen"
2022,"1701","Drenthe"
2022,"0293","Gelderland"
2022,"1950","Groningen"
2022,"1783","Zuid-Holland"
2022,"0098","Fryslân"
2022,"0614","Zuid-Holland"
2022,"0189","Overijssel"
2022,"0296","Gelderland"
2022,"1696","Noord-Holland"
2022,"0352","Utrecht"
2022,"0294","Gelderland"
2022,"0873","Noord-Brabant"
2022,"0632","Utrecht"
2022,"1690","Drenthe"
2022,"0880","Noord-Holland"
2022,"0351","Utrecht"
2022,"0479","Noord-Holland"
2022,"0297","Gelderland"
2022,"0473","Noord-Holland"
2022,"0050","Flevoland"
2022,"0355","Utrecht"
2022,"0299","Gelderland"
2022,"0637","Zuid-Holland"
2022,"0638","Zuid-Holland"
2022,"1892","Zuid-Holland"
2022,"0879","Noord-Brabant"
2022,"0301","Gelderland"
2022,"1896","Overijssel"
2022,"0642","Zuid-Holland"
2022,"0193","Overijssel"
2023,"1680","Drenthe"
2023,"0358","Noord-Holland"
2023,"0197","Gelderland"
2023,"0059","Fryslân"
2023,"0482","Zuid-Holland"
2023,"0613","Zuid-Holland"
2023,"0361","Noord-Holland"
2023,"0141","Overijssel"
2023,"0034","Flevoland"
2023,"0484","Zuid-Holland"
2023,"1723","Noord-Brabant"
2023,"1959","Noord-Brabant"
2023,"0060","Fryslân"
2023,"0307","Utrecht"
2023,"0362","Noord-Holland"
2023,"0363","Noord-Holland"
2023,"0200","Gelderland"
2023,"0202","Gelderland"
2023,"0106","Drenthe"
2023,"0743","Noord-Brabant"
2023,"0744","Noord-Brabant"
2023,"0308","Utrecht"
2023,"0489","Zuid-Holland"
2023,"0203","Gelderland"
2023,"0888","Limburg"
2023,"1954","Limburg"
2023,"0889","Limburg"
2023,"1945","Gelderland"
2023,"1724","Noord-Brabant"
2023,"0893","Limburg"
2023,"0373","Noord-Holland"
2023,"0748","Noord-Brabant"
2023,"1859","Gelderland"
2023,"1721","Noord-Brabant"
2023,"0753","Noord-Brabant"
2023,"0209","Gelderland"
2023,"0375","Noord-Holland"
2023,"0310","Utrecht"
2023,"1728","Noord-Brabant"
2023,"0376","Noord-Holland"
2023,"0377","Noord-Holland"
2023,"1901","Zuid-Holland"
2023,"0755","Noord-Brabant"
2023,"1681","Drenthe"
2023,"0147","Overijssel"
2023,"0654","Zeeland"
2023,"0757","Noord-Brabant"
2023,"0758","Noord-Brabant"
2023,"1876","Gelderland"
2023,"0213","Gelderland"
2023,"0899","Limburg"
2023,"0312","Utrecht"
2023,"0313","Utrecht"
2023,"0214","Gelderland"
2023,"0502","Zuid-Holland"
2023,"0383","Noord-Holland"
2023,"0109","Drenthe"
2023,"1706","Noord-Brabant"
2023,"0216","Gelderland"
2023,"0148","Overijssel"
2023,"1891","Fryslân"
2023,"0503","Zuid-Holland"
2023,"0762","Noord-Brabant"
2023,"0150","Overijssel"
2023,"0384","Noord-Holland"
2023,"1980","Noord-Holland"
2023,"1774","Overijssel"
2023,"0221","Gelderland"
2023,"0222","Gelderland"
2023,"0766","Noord-Brabant"
2023,"0505","Zuid-Holland"
2023,"0498","Noord-Holland"
2023,"1719","Noord-Brabant"
2023,"0303","Flevoland"
2023,"0225","Gelderland"
2023,"0226","Gelderland"
2023,"1711","Limburg"
2023,"0385","Noord-Holland"
2023,"0228","Gelderland"
2023,"0317","Utrecht"
2023,"1979","Groningen"
2023,"0770","Noord-Brabant"
2023,"1903","Limburg"
2023,"0772","Noord-Brabant"
2023,"0230","Gelderland"
2023,"0114","Drenthe"
2023,"0388","Noord-Holland"
2023,"0153","Overijssel"
2023,"0232","Gelderland"
2023,"0233","Gelderland"
2023,"0777","Noord-Brabant"
2023,"1940","Fryslân"
2023,"0779","Noord-Brabant"
2023,"1771","Noord-Brabant"
2023,"1652","Noord-Brabant"
2023,"0907","Limburg"
2023,"0784","Noord-Brabant"
2023,"1924","Zuid-Holland"
2023,"0664","Zeeland"
2023,"0785","Noord-Brabant"
2023,"1942","Noord-Holland"
2023,"0512","Zuid-Holland"
2023,"0513","Zuid-Holland"
2023,"0518","Zuid-Holland"
2023,"0014","Groningen"
2023,"1729","Limburg"
2023,"0158","Overijssel"
2023,"0392","Noord-Holland"
2023,"0394","Noord-Holland"
2023,"1655","Noord-Brabant"
2023,"0160","Overijssel"
2023,"0243","Gelderland"
2023,"0523","Zuid-Holland"
2023,"0072","Fryslân"
2023,"0244","Gelderland"
2023,"0396","Noord-Holland"
2023,"0397","Noord-Holland"
2023,"0246","Gelderland"
2023,"0074","Fryslân"
2023,"0917","Limburg"
2023,"1658","Noord-Brabant"
2023,"0399","Noord-Holland"
2023,"0400","Noord-Holland"
2023,"0163","Overijssel"
2023,"0794","Noord-Brabant"
2023,"0531","Zuid-Holland"
2023,"0164","Overijssel"
2023,"0796","Noord-Brabant"
2023,"0252","Gelderland"
2023,"0797","Noord-Brabant"
2023,"0534","Zuid-Holland"
2023,"0798","Noord-Brabant"
2023,"0402","Noord-Holland"
2023,"1963","Zuid-Holland"
2023,"1735","Overijssel"
2023,"1966","Groningen"
2023,"1911","Noord-Holland"
2023,"0118","Drenthe"
2023,"0405","Noord-Holland"
2023,"1507","Limburg"
2023,"0321","Utrecht"
2023,"0406","Noord-Holland"
2023,"0677","Zeeland"
2023,"0353","Utrecht"
2023,"1884","Zuid-Holland"
2023,"0166","Overijssel"
2023,"0678","Zeeland"
2023,"0537","Zuid-Holland"
2023,"0928","Limburg"
2023,"1598","Noord-Holland"
2023,"0542","Zuid-Holland"
2023,"1931","Zuid-Holland"
2023,"1659","Noord-Brabant"
2023,"1982","Noord-Brabant"
2023,"0882","Limburg"
2023,"0415","Noord-Holland"
2023,"1621","Zuid-Holland"
2023,"0417","Noord-Holland"
2023,"0080","Fryslân"
2023,"0546","Zuid-Holland"
2023,"0547","Zuid-Holland"
2023,"1916","Zuid-Holland"
2023,"0995","Flevoland"
2023,"1640","Limburg"
2023,"0327","Utrecht"
2023,"1705","Gelderland"
2023,"0553","Zuid-Holland"
2023,"0262","Gelderland"
2023,"0809","Noord-Brabant"
2023,"0331","Utrecht"
2023,"0168","Overijssel"
2023,"0263","Gelderland"
2023,"1641","Limburg"
2023,"1991","Noord-Brabant"
2023,"0556","Zuid-Holland"
2023,"0935","Limburg"
2023,"0420","Noord-Holland"
2023,"0938","Limburg"
2023,"1948","Noord-Brabant"
2023,"0119","Drenthe"
2023,"0687","Zeeland"
2023,"1842","Zuid-Holland"
2023,"1731","Drenthe"
2023,"1952","Groningen"
2023,"1709","Noord-Brabant"
2023,"1978","Zuid-Holland"
2023,"1955","Gelderland"
2023,"0335","Utrecht"
2023,"0944","Limburg"
2023,"1740","Gelderland"
2023,"0946","Limburg"
2023,"0356","Utrecht"
2023,"0569","Zuid-Holland"
2023,"0267","Gelderland"
2023,"0268","Gelderland"
2023,"1930","Zuid-Holland"
2023,"1970","Fryslân"
2023,"1695","Zeeland"
2023,"1699","Drenthe"
2023,"0171","Flevoland"
2023,"0575","Zuid-Holland"
2023,"0820","Noord-Brabant"
2023,"0302","Gelderland"
2023,"0579","Zuid-Holland"
2023,"0823","Noord-Brabant"
2023,"0824","Noord-Brabant"
2023,"1895","Groningen"
2023,"0269","Gelderland"
2023,"0173","Overijssel"
2023,"1773","Overijssel"
2023,"0175","Overijssel"
2023,"1586","Gelderland"
2023,"0826","Noord-Brabant"
2023,"0085","Fryslân"
2023,"0431","Noord-Holland"
2023,"0432","Noord-Holland"
2023,"0086","Fryslân"
2023,"0828","Noord-Brabant"
2023,"1509","Gelderland"
2023,"0437","Noord-Holland"
2023,"0589","Utrecht"
2023,"1734","Gelderland"
2023,"0590","Zuid-Holland"
2023,"1894","Limburg"
2023,"0765","Groningen"
2023,"1926","Zuid-Holland"
2023,"0439","Noord-Holland"
2023,"0273","Gelderland"
2023,"0177","Overijssel"
2023,"0703","Zeeland"
2023,"0274","Gelderland"
2023,"0339","Utrecht"
2023,"1667","Noord-Brabant"
2023,"0275","Gelderland"
2023,"0340","Utrecht"
2023,"0597","Zuid-Holland"
2023,"1742","Overijssel"
2023,"0603","Zuid-Holland"
2023,"1669","Limburg"
2023,"0957","Limburg"
2023,"0736","Utrecht"
2023,"1674","Noord-Brabant"
2023,"0599","Zuid-Holland"
2023,"0277","Gelderland"
2023,"0840","Noord-Brabant"
2023,"0441","Noord-Holland"
2023,"0279","Gelderland"
2023,"0606","Zuid-Holland"
2023,"0088","Fryslân"
2023,"1676","Zeeland"
2023,"0965","Limburg"
2023,"0845","Noord-Brabant"
2023,"1883","Limburg"
2023,"0610","Zuid-Holland"
2023,"1714","Zeeland"
2023,"0090","Fryslân"
2023,"0342","Utrecht"
2023,"0847","Noord-Brabant"
2023,"0848","Noord-Brabant"
2023,"0037","Groningen"
2023,"0180","Overijssel"
2023,"0532","Noord-Holland"
2023,"0851","Noord-Brabant"
2023,"1708","Overijssel"
2023,"0971","Limburg"
2023,"1904","Utrecht"
2023,"1900","Fryslân"
2023,"0715","Zeeland"
2023,"0093","Fryslân"
2023,"0448","Noord-Holland"
2023,"1525","Zuid-Holland"
2023,"0716","Zeeland"
2023,"0281","Gelderland"
2023,"0855","Noord-Brabant"
2023,"0183","Overijssel"
2023,"1700","Overijssel"
2023,"1730","Drenthe"
2023,"0737","Fryslân"
2023,"0450","Noord-Holland"
2023,"0451","Noord-Holland"
2023,"0184","Flevoland"
2023,"0344","Utrecht"
2023,"1581","Utrecht"
2023,"0981","Limburg"
2023,"0994","Limburg"
2023,"0858","Noord-Brabant"
2023,"0047","Groningen"
2023,"0345","Utrecht"
2023,"0717","Zeeland"
2023,"0861","Noord-Brabant"
2023,"0453","Noord-Holland"
2023,"0983","Limburg"
2023,"0984","Limburg"
2023,"1961","Utrecht"
2023,"0622","Zuid-Holland"
2023,"0096","Fryslân"
2023,"0718","Zeeland"
2023,"0986","Limburg"
2023,"1992","Zuid-Holland"
2023,"0626","Zuid-Holland"
2023,"0285","Gelderland"
2023,"0865","Noord-Brabant"
2023,"1949","Fryslân"
2023,"0866","Noord-Brabant"
2023,"0867","Noord-Brabant"
2023,"0627","Zuid-Holland"
2023,"0289","Gelderland"
2023,"0629","Zuid-Holland"
2023,"0852","Noord-Holland"
2023,"0988","Limburg"
2023,"1960","Gelderland"
2023,"0668","Gelderland"
2023,"1969","Groningen"
2023,"1701","Drenthe"
2023,"0293","Gelderland"
2023,"1950","Groningen"
2023,"1783","Zuid-Holland"
2023,"0098","Fryslân"
2023,"0189","Overijssel"
2023,"0296","Gelderland"
2023,"1696","Noord-Holland"
2023,"0352","Utrecht"
2023,"0294","Gelderland"
2023,"0873","Noord-Brabant"
2023,"0632","Utrecht"
2023,"1690","Drenthe"
2023,"0880","Noord-Holland"
2023,"0351","Utrecht"
2023,"0479","Noord-Holland"
2023,"0297","Gelderland"
2023,"0473","Noord-Holland"
2023,"0050","Flevoland"
2023,"0355","Utrecht"
2023,"0299","Gelderland"
2023,"0637","Zuid-Holland"
2023,"0638","Zuid-Holland"
2023,"1892","Zuid-Holland"
2023,"0879","Noord-Brabant"
2023,"0301","Gelderland"
2023,"1896","Overijssel"
2023,"0642","Zuid-Holland"
2023,"0193","Overijssel"
